clip_id,environment,character,motion,frame_count,fps,width,height
PlaceholderRoom__XBot__test_swipe_right|test_swipe_right,PlaceholderRoom,XBot,test_swipe_right|test_swipe_right,74,30,1280,720
PlaceholderRoom__XBot__test_swipe_right|test_swipe_right,PlaceholderRoom,XBot,test_swipe_right|test_swipe_right,74,30,1280,720
PlaceholderRoom__Kate__test_swipe_right|test_swipe_right,PlaceholderRoom,Kate,test_swipe_right|test_swipe_right,74,30,1280,720
PlaceholderRoom__Leonard__test_swipe_right|test_swipe_right,PlaceholderRoom,Leonard,test_swipe_right|test_swipe_right,74,30,1280,720
PlaceholderRoom__James__test_swipe_right|test_swipe_right,PlaceholderRoom,James,test_swipe_right|test_swipe_right,74,30,1280,720
PlaceholderRoom__Louise__test_swipe_right|test_swipe_right,PlaceholderRoom,Louise,test_swipe_right|test_swipe_right,74,30,1280,720
PlaceholderRoom__Megan__test_swipe_right|test_swipe_right,PlaceholderRoom,Megan,test_swipe_right|test_swipe_right,74,30,1280,720
PlaceholderRoom__PeasantGirl__test_swipe_right|test_swipe_right,PlaceholderRoom,PeasantGirl,test_swipe_right|test_swipe_right,74,30,1280,720
PlaceholderRoom__Remy__test_swipe_right|test_swipe_right,PlaceholderRoom,Remy,test_swipe_right|test_swipe_right,74,30,1280,720
PlaceholderRoom__Shannon__test_swipe_right|test_swipe_right,PlaceholderRoom,Shannon,test_swipe_right|test_swipe_right,74,30,1280,720
PlaceholderRoom__TheBoss__test_swipe_right|test_swipe_right,PlaceholderRoom,TheBoss,test_swipe_right|test_swipe_right,74,30,1280,720
PlaceholderRoom__XBot__test_swipe_right|test_swipe_right,PlaceholderRoom,XBot,test_swipe_right|test_swipe_right,74,30,1280,720
PlaceholderRoom__Kate__test_swipe_right|test_swipe_right,PlaceholderRoom,Kate,test_swipe_right|test_swipe_right,74,30,1280,720
PlaceholderRoom__Leonard__test_swipe_right|test_swipe_right,PlaceholderRoom,Leonard,test_swipe_right|test_swipe_right,74,30,1280,720
PlaceholderRoom__James__test_swipe_right|test_swipe_right,PlaceholderRoom,James,test_swipe_right|test_swipe_right,74,30,1280,720
PlaceholderRoom__Louise__test_swipe_right|test_swipe_right,PlaceholderRoom,Louise,test_swipe_right|test_swipe_right,74,30,1280,720
PlaceholderRoom__Megan__test_swipe_right|test_swipe_right,PlaceholderRoom,Megan,test_swipe_right|test_swipe_right,74,30,1280,720
PlaceholderRoom__PeasantGirl__test_swipe_right|test_swipe_right,PlaceholderRoom,PeasantGirl,test_swipe_right|test_swipe_right,74,30,1280,720
PlaceholderRoom__Remy__test_swipe_right|test_swipe_right,PlaceholderRoom,Remy,test_swipe_right|test_swipe_right,74,30,1280,720
PlaceholderRoom__Shannon__test_swipe_right|test_swipe_right,PlaceholderRoom,Shannon,test_swipe_right|test_swipe_right,74,30,1280,720
PlaceholderRoom__TheBoss__test_swipe_right|test_swipe_right,PlaceholderRoom,TheBoss,test_swipe_right|test_swipe_right,74,30,1280,720
PlaceholderRoom__XBot__test_swipe_right|test_swipe_right,PlaceholderRoom,XBot,test_swipe_right|test_swipe_right,74,30,1280,720
PlaceholderRoom__Kate__test_swipe_right|test_swipe_right,PlaceholderRoom,Kate,test_swipe_right|test_swipe_right,74,30,1280,720
PlaceholderRoom__Leonard__test_swipe_right|test_swipe_right,PlaceholderRoom,Leonard,test_swipe_right|test_swipe_right,74,30,1280,720
PlaceholderRoom__James__test_swipe_right|test_swipe_right,PlaceholderRoom,James,test_swipe_right|test_swipe_right,74,30,1280,720
PlaceholderRoom__Louise__test_swipe_right|test_swipe_right,PlaceholderRoom,Louise,test_swipe_right|test_swipe_right,74,30,1280,720
PlaceholderRoom__Megan__test_swipe_right|test_swipe_right,PlaceholderRoom,Megan,test_swipe_right|test_swipe_right,74,30,1280,720
PlaceholderRoom__PeasantGirl__test_swipe_right|test_swipe_right,PlaceholderRoom,PeasantGirl,test_swipe_right|test_swipe_right,74,30,1280,720
PlaceholderRoom__Remy__test_swipe_right|test_swipe_right,PlaceholderRoom,Remy,test_swipe_right|test_swipe_right,74,30,1280,720
PlaceholderRoom__Shannon__test_swipe_right|test_swipe_right,PlaceholderRoom,Shannon,test_swipe_right|test_swipe_right,74,30,1280,720
PlaceholderRoom__TheBoss__test_swipe_right|test_swipe_right,PlaceholderRoom,TheBoss,test_swipe_right|test_swipe_right,74,30,1280,720
